{
  "module_names": [
    {
      "branches": 0,
      "branches_missing": 0,
      "branches_partial": 0,
      "coverage": 90.0,
      "lines": [
        3,
        5,
        6,
        7,
        9,
        10,
        12,
        14,
        15,
        16
      ],
      "lines_not_covered": [
        16
      ],
      "module": "uc3m_consulting.enterprise_management_exception",
      "sum_lines": 10,
      "sum_lines_not_covered": 1
    },
    {
      "branches": 12,
      "branches_missing": 1,
      "branches_partial": 1,
      "coverage": 95.08196721311475,
      "lines": [
        2,
        4,
        6,
        9,
        14,
        15,
        16,
        17,
        20,
        23,
        24,
        26,
        28,
        29,
        31,
        33,
        34,
        43,
        52,
        53,
        55,
        56,
        57,
        61,
        62,
        64,
        66,
        67,
        68,
        72,
        73,
        76,
        77,
        81,
        85,
        87,
        91,
        93,
        94,
        96,
        97,
        104,
        114,
        121,
        123,
        132,
        133,
        135,
        136,
        138,
        140,
        142,
        144,
        145,
        149,
        150,
        152,
        154,
        157,
        158,
        160
      ],
      "lines_not_covered": [
        26,
        31,
        87
      ],
      "module": "uc3m_consulting.enterprise_manager",
      "sum_lines": 61,
      "sum_lines_not_covered": 3
    },
    {
      "branches": 0,
      "branches_missing": 0,
      "branches_partial": 0,
      "coverage": 100.0,
      "lines": [
        2,
        3,
        4,
        5,
        6,
        7,
        8,
        11,
        12,
        13
      ],
      "lines_not_covered": [],
      "module": "uc3m_consulting.enterprise_manager_config",
      "sum_lines": 10,
      "sum_lines_not_covered": 0
    },
    {
      "branches": 0,
      "branches_missing": 0,
      "branches_partial": 0,
      "coverage": 77.96610169491525,
      "lines": [
        2,
        3,
        4,
        7,
        11,
        20,
        21,
        22,
        23,
        24,
        25,
        26,
        27,
        29,
        30,
        32,
        34,
        45,
        46,
        48,
        50,
        51,
        52,
        54,
        55,
        57,
        59,
        60,
        61,
        63,
        64,
        66,
        68,
        69,
        70,
        72,
        73,
        75,
        77,
        78,
        79,
        81,
        82,
        84,
        86,
        87,
        88,
        90,
        91,
        93,
        95,
        96,
        97,
        99,
        100,
        102,
        104,
        105,
        107
      ],
      "lines_not_covered": [
        48,
        52,
        57,
        61,
        66,
        70,
        75,
        79,
        84,
        88,
        93,
        97,
        102
      ],
      "module": "uc3m_consulting.enterprise_project",
      "sum_lines": 59,
      "sum_lines_not_covered": 13
    },
    {
      "branches": 0,
      "branches_missing": 0,
      "branches_partial": 0,
      "coverage": 73.33333333333333,
      "lines": [
        2,
        4,
        9,
        12,
        13,
        15,
        16,
        17,
        18,
        19,
        20,
        21,
        24,
        26,
        27,
        29,
        30,
        31,
        32,
        33,
        36,
        38,
        39,
        41,
        42,
        43,
        44,
        45,
        48,
        49
      ],
      "lines_not_covered": [
        20,
        21,
        32,
        33,
        44,
        45,
        48,
        49
      ],
      "module": "uc3m_consulting.json_store",
      "sum_lines": 30,
      "sum_lines_not_covered": 8
    },
    {
      "branches": 0,
      "branches_missing": 0,
      "branches_partial": 0,
      "coverage": 80.0,
      "lines": [
        2,
        3,
        6,
        9,
        10,
        11,
        12,
        13,
        14,
        15,
        17,
        19,
        28,
        30,
        38,
        39,
        41,
        43,
        44,
        45,
        47,
        48,
        50,
        52,
        53,
        54,
        56,
        57,
        59,
        61,
        62,
        63,
        65,
        66,
        68
      ],
      "lines_not_covered": [
        19,
        41,
        45,
        50,
        54,
        59,
        63
      ],
      "module": "uc3m_consulting.project_document",
      "sum_lines": 35,
      "sum_lines_not_covered": 7
    },
    {
      "branches": 32,
      "branches_missing": 4,
      "branches_partial": 4,
      "coverage": 96.25,
      "lines": [
        2,
        3,
        5,
        10,
        13,
        14,
        16,
        17,
        18,
        19,
        21,
        22,
        24,
        29,
        30,
        31,
        32,
        34,
        35,
        37,
        38,
        40,
        41,
        42,
        44,
        45,
        46,
        48,
        49,
        51,
        52,
        53,
        54,
        55,
        57,
        59,
        61,
        62,
        63,
        65,
        66,
        68,
        70,
        71,
        72,
        75,
        76,
        77,
        81,
        82,
        84,
        85,
        87,
        89,
        91,
        92,
        96,
        97,
        98,
        100,
        101,
        109,
        110,
        115,
        120,
        125,
        127,
        128,
        130,
        131,
        132,
        133,
        137,
        138,
        139,
        140,
        141,
        143,
        144,
        146
      ],
      "lines_not_covered": [
        38,
        77,
        81
      ],
      "module": "uc3m_consulting.project_validator",
      "sum_lines": 80,
      "sum_lines_not_covered": 3
    },
    {
      "branches": 0,
      "branches_missing": 0,
      "branches_partial": 0,
      "coverage": 100.0,
      "lines": [
        3,
        4,
        5,
        6,
        7
      ],
      "lines_not_covered": [],
      "module": "uc3m_consulting",
      "sum_lines": 5,
      "sum_lines_not_covered": 0
    }
  ],
  "overall_branch_coverage": 88.63636363636364,
  "overall_branch_partial_coverage": 88.63636363636364,
  "overall_coverage": 87.93103448275862
}